Client,Numero,Matricule,Montant,Presence
AMSA REALITY,113561,2465TTA1,,non
BNDE,118759,DK9845BL,,non
BNDE,118765,AA367AZ,13000,non
BNDE,118766,AA589VM,,non
BNDE,118769,AA174JY,,non
BNDE,118770,AA177JY,,non
BNDE,118771,AA182JY,,non
BNDE,118772,AA091JW,,non
BNDE,118773,AA079JW,,non
BNDE,118774,AA589JX.,,non
BNDE,118775,AA642LJ,12500,non
BNDE,118776,AA951RV,,non
BNDE,118777,AA960VR,7000,non
CDF,109974,DK0387BL,42500,non
CDF,113553,AD6393,25000,non
CDF,113555,AD6395,26500,non
CDF,118789,AD6397,102500,non
CDF,118790,AD6394,12000,non
CFAO,12556,DK4890AX0,,non
CFAO,12673,DK2512AT,,non
CFAO,12732,AA586DY,,non
CFAO,12744,DK6987AS,,non
CFAO,12745,DK3518AK,,non
CFAO,15045,AA435BZ,,non
CFAO,15049,DK7539BL,,non
CFAO,15053,AA590DY,,non
CFAO,15057,DK5971AM,,non
CFAO,15080,DK1294BC,,non
CFAO,15094,DK3495BL0,,non
CFAO,15107,DK4536Bb,,non
CFAO,15108,DK0941AT,,non
CFAO,15164,DK7322AN,,non
CLUB THIOSSANE,116459,AA713VZ,,non
CLUB THIOSSANE,116458,AB027AX,,non
CLUB THIOSSANE,116457,AB312BE,,non
CLUB THIOSSANE,118748,AA561BF,,non
CLUB THIOSSANE,118749,AA767FZ,,non
CLUB THIOSSANE,118750,AA923YV,77000,non
CLUB THIOSSANE,118751,AA746FZ,,non
CLUB THIOSSANE,118752,AA765FZ0,,non
CLUB THIOSSANE,118753,AA109WA,25000,non
CLUB THIOSSANE,118754,AA931YV,19000,non
CLUB THIOSSANE,118755,AA928YV,5500,non
CIMAF SENEGAL,64236,1418EX0,7000,non
CIMAF SENEGAL,113528,3276EX,5000,non
CIMAF SENEGAL,113557,3236EX,3000,non
CIMAF SENEGAL,113558,AA365XE,,non
CRBC,118763,AA217SZ,27000,non
CRBC,118764,AB802BN,48000,non
CMS,116050,AA987HB,6500,non
CMS,116460,AA494SW,51000,non
CSE,109962,AA043KC,43000,non
CSE,116017,AA110KC,150000,non
CSE,116041,AA048JJ.,36000,non
CSE,118740,AA791BC.,,non
CSE,118741,AA768BC.,74000,non
CSE,118742,AA769BC.,116500,non
CSE,118743,AA789BC.,133000,non
CSE,118744,AA048JJ.,13000,non
CSE,118745,AA895LN.,21500,non
CSE,118746,AA340WD,154000,non
CSE,118792,AA783BC,147500,non
CSS,110005,AA420LE,2000,non
DHF,90737,DK9409BG,6000,non
DHF,109963,AB132CF,19500,non
DHF,109964,AA172CJ,73000,non
DHF,109965,AA037TN,34000,non
DHF,109966,AB869CH,41000,non
DHF,112761,AA995RD,12000,non
DHF,112762,AA624YH,7000,non
DHF,112763,AA985RD,15000,non
DHF,112764,AA981RD,,non
DHF,112765,AA278RF,15000,non
DHF,113512,AA091XS,36000,non
DHF,116461,AA865DA,,non
DHF,116462,AA255HW,,non
DHF,113513,AA087XS,14000,non
DHF,118808,AA291FW,31500,non
DDC,113552,AA810ZK,44000,non
DDD,25620,7706,,non
DDD,25636,9721,,non
DDD,25649,9702,,non
DDD,25666,7725,,non
DDD,112766,6050,,non
DDD,112767,6049,18000,non
DDD,112768,6047,12000,non
DDD,112769,6046,,non
DDD,112770,6044,,non
DDD,112771,6043,6000,non
DDD,112772,6041,14000,non
DDD,112773,6040,12000,non
DDD,112774,6039,6000,non
DDD,112775,6038,12000,non
DDD,112776,6037,6000,non
DDD,112777,6036,6000,non
DDD,112778,6035,6000,non
DDD,112779,6034,12000,non
DDD,112780,6033,6000,non
DDD,112781,6032.,6000,non
DDD,112782,6031,6000,non
DDD,112783,6029,14000,non
DDD,112784,6028,6000,non
DDD,112785,6027,6000,non
DDD,112786,6026,,non
DDD,112787,6024,6000,non
DDD,112788,6023,12000,non
DDD,112789,6022,,non
DDD,112790,6021,,non
DDD,112791,6020,6000,non
DDD,112792,6019,6000,non
DDD,112793,6018,,non
DDD,112794,6017,,non
DDD,112795,6016,18000,non
DDD,112796,6015,,non
DDD,112797,6014,6000,non
DDD,112798,6013,,non
DDD,112799,6012,6000,non
DDD,112800,6011,6000,non
DDD,112801,6010,,non
DDD,112802,6009,6000,non
DDD,112803,6008,12000,non
DDD,112804,6007,,non
DDD,112805,6006,,non
DDD,112806,6005,12000,non
DDD,112807,6004,6000,non
DDD,112808,6003,,non
DDD,112809,6002,6000,non
DDD,112810,6001,3000,non
DDD,113511,6056,6000,non
DDD,116221,6702,87500,non
DDD,116224,6705,,non
DDD,116225,6730,54500,non
DDD,116226,6731,81000,non
DDD,116227,6732,,non
DDD,116228,6733,88000,non
DDD,116229,6734,85500,non
DDD,116230,6735,2000,non
DDD,116231,6736,45000,non
DDD,116232,6737,28500,non
DDD,116233,6738,113500,non
DDD,116234,6739,20000,non
DDD,116235,6740,60000,non
DDD,116236,6741,114000,non
DDD,116237,6742,39500,non
DDD,116238,6743,95000,non
DDD,116239,6703,,non
DDD,116240,6704,134000,non
DDD,116241,6701,268000,non
DDD,116242,6729,98000,non
DDD,116243,6728,82500,non
DDD,116244,6727,101000,non
DDD,116245,6726,110000,non
DDD,116246,6725.,66000,non
DDD,116247,6724,74000,non
DDD,116248,6723,39000,non
DDD,116249,6722,6000,non
DDD,116250,6721,19000,non
DDD,116251,6720,131000,non
DDD,116252,6719,151000,non
DDD,116253,6718,180500,non
DDD,116254,6717,,non
DDD,116255,6716,151000,non
DDD,116256,6715,78000,non
DDD,116257,6714,116000,non
DDD,116258,6713,183500,non
DDD,116259,6712,83500,non
DDD,116260,6711,62500,non
DDD,116261,6710,236500,non
DDD,116262,6709,39500,non
DDD,116263,6708,248000,non
DDD,116264,6707.,,non
DDD,116265,6706,48000,non
DDD,116416,6744,56500,non
DDD,116417,6745,91500,non
DDD,116418,6746,86000,non
DDD,116419,6747,,non
DDD,116420,6748,75000,non
DDD,116421,6749,68500,non
DDD,116422,6750,105500,non
DDD,116423,6751,125500,non
DDD,116424,6752,19000,non
DDD,116425,6753,61000,non
DDD,116426,6754,12000,non
DDD,116427,6755,95500,non
DDD,116428,6756,17500,non
DDD,116429,6757,49500,non
DDD,116430,6758.,80000,non
DDD,116431,6759,,non
DDD,116432,6760,110500,non
DDD,116433,6761,118000,non
DDD,116434,6762,75500,non
DDD,116435,6763,91500,non
DDD,116436,6764,52000,non
DDD,116437,6765,117000,non
DDD,116438,6766,59000,non
DDD,116439,6767,89000,non
DDD,116440,6768,108500,non
DDD,116441,6769,,non
DDD,116442,6770,56000,non
DDD,116443,6771,42000,non
DDD,116444,6772.,73500,non
DDD,116445,6773,64500,non
DDD,116446,6774,89000,non
DDD,116447,6775,92000,non
DDD,116449,6776,51000,non
DDD,116450,6777,57000,non
DDD,118519,6293,12000,non
DDD,118520,6292,6000,non
DDD,118521,6290,,non
DDD,118522,6287,12000,non
DDD,118523,6286,6000,non
DDD,118524,6283,12000,non
DDD,118525,6281,,non
DDD,118526,6280,9000,non
DDD,118527,6278,,non
DDD,118528,6277,6000,non
DDD,118529,6276,12000,non
DDD,118530,6275,12000,non
DDD,118531,6274,,non
DDD,118532,6273,6000,non
DDD,118533,6271,8000,non
DDD,118534,6270,,non
DDD,118535,6268,,non
DDD,118536,6267,,non
DDD,118537,6263,6000,non
DDD,118538,6261,6000,non
DDD,118539,6260,12000,non
DDD,118540,6259,6000,non
DDD,118541,6258,6000,non
DDD,118542,6255.,,non
DDD,118543,6254,18000,non
DDD,118544,6253,16500,non
DDD,118545,6252,12000,non
DDD,118546,6251,,non
DDD,118547,6250,6000,non
DDD,118548,6249,6000,non
DDD,118549,6248,,non
DDD,118550,6246,6000,non
DDD,118551,6245,,non
DDD,118552,6244,24000,non
DDD,118553,6243,24000,non
DDD,118554,6241,,non
DDD,118555,6240,28000,non
DDD,118556,6237,6000,non
DDD,118557,6236,6000,non
DDD,118558,6234,,non
DDD,118559,6233,,non
DDD,118560,6232,116000,non
DDD,118561,6230,12000,non
DDD,118562,6228,6000,non
DDD,118563,6227,12000,non
DDD,118564,6225,8000,non
DDD,118565,6226,24000,non
DDD,118566,6222,,non
DDD,118567,6221,,non
DDD,118568,6220,6000,non
DDD,118569,6219,2000,non
DDD,118570,6218,,non
DDD,118571,6217,70000,non
DDD,118572,6216,,non
DDD,118573,6215,12000,non
DDD,118574,6214,6000,non
DDD,118575,6213,6000,non
DDD,118576,6212,6000,non
DDD,118577,6211,6000,non
DDD,118578,6210,6000,non
DDD,118579,6209,,non
DDD,118580,6207,18000,non
DDD,118581,6206,124000,non
DDD,118582,6205,2000,non
DDD,118583,6204,6000,non
DDD,118584,6203,,non
DDD,118585,6202,,non
DDD,118586,6201,,non
DDD,118587,6200,12000,non
DDD,118588,6199,10500,non
DDD,118589,6198,,non
DDD,118590,6197,4500,non
DDD,118591,6196,3000,non
DDD,118592,6195,,non
DDD,118593,6193,6000,non
DDD,118594,6194,,non
DDD,118595,6192,8000,non
DDD,118596,6191,6000,non
DDD,118597,6176,,non
DDD,118598,6177,4000,non
DDD,118599,6181,6000,non
DDD,118600,6178,6000,non
DDD,118601,6182,,non
DDD,118602,6186,,non
DDD,118603,6183,24000,non
DDD,118604,6187,9000,non
DDD,118605,6188,12000,non
DDD,118606,6190,,non
DDD,118607,6175,6000,non
DDD,118608,6224,6000,non
DDD,118609,6223,12000,non
DDD,118610,6173,,non
DDD,118612,6172,,non
DDD,118613,6171,12000,non
DDD,118614,6170,13500,non
DDD,118615,6169,6000,non
DDD,118616,6167,,non
DDD,118617,6166,2000,non
DDD,118618,6165,12000,non
DDD,118619,6164,18000,non
DDD,118620,6163,13000,non
DDD,118621,6162,18000,non
DDD,118622,6161,,non
DDD,118623,6160,6000,non
DDD,118624,6159,,non
DDD,118625,6158,,non
DDD,118626,6157,8000,non
DDD,118627,6155,20000,non
DDD,118628,6154,4500,non
DDD,118629,6153,,non
DDD,118630,6152,,non
DDD,118631,6151,,non
DDD,118632,6150,18000,non
DDD,118633,6149,18000,non
DDD,118634,6147,,non
DDD,118635,6144,,non
DDD,118636,6143,16500,non
DDD,118637,6142,6000,non
DDD,118638,6141,12000,non
DDD,118639,6140,,non
DDD,118640,6139,8000,non
DDD,118641,6137,6000,non
DDD,118642,6136,,non
DDD,118643,6135,,non
DDD,118644,6134,,non
DDD,118645,6133,24000,non
DDD,118646,6132,12000,non
DDD,118647,6131,6000,non
DDD,118648,6130,12000,non
DDD,118649,6129,,non
DDD,118650,6128,6000,non
DDD,118651,6125,,non
DDD,118652,6124,,non
DDD,118653,6123,12000,non
DDD,118654,6122,6000,non
DDD,118655,6121,6000,non
DDD,118656,6119,12000,non
DDD,118657,6118,13500,non
DDD,118658,6117,6000,non
DDD,118659,6116,6000,non
DDD,118660,6114,6000,non
DDD,118661,6113,9000,non
DDD,118662,6112,84000,non
DDD,118663,6111,12000,non
DDD,118664,6110,12000,non
DDD,118665,6109,12000,non
DDD,118666,6108,6000,non
DDD,118667,6107,6000,non
DDD,118668,6106,,non
DDD,118669,6105,10500,non
DDD,118670,6104,,non
DDD,118671,6103,48000,non
DDD,118672,6102,2000,non
DDD,118673,6101,2000,non
DDD,118674,6100,6000,non
DDD,118675,6099.,12000,non
DDD,118676,6098,,non
DDD,118677,6097,,non
DDD,118678,6096,,non
DDD,118679,6094,,non
DDD,118680,6092,18000,non
DDD,118681,6090,,non
DDD,118682,6089,12000,non
DDD,118683,6088,,non
DDD,118684,6087,6000,non
DDD,118685,6086,,non
DDD,118686,6085,6000,non
DDD,118687,6084,6000,non
DDD,118688,6083,12000,non
DDD,118689,6082,12000,non
DDD,118690,6081,,non
DDD,118691,6080,14000,non
DDD,118692,6077,12000,non
DDD,118693,6076,6000,non
DDD,118694,6075,12000,non
DDD,118695,6074,6000,non
DDD,118696,6073,,non
DDD,118697,6072,,non
DDD,118698,6071,12000,non
DDD,118699,6070,,non
DDD,118700,6069,,non
DDD,118701,6068,6000,non
DDD,118702,6067,14000,non
DDD,118703,6066,,non
DDD,118704,6065,6000,non
DDD,118705,6064,18000,non
DDD,118706,6063,,non
DDD,118707,6062,,non
DDD,118708,6061,6000,non
DDD,118709,6060,,non
DDD,118710,6059,3000,non
DDD,118711,6058,,non
DDD,118712,6055,,non
DDD,118713,6054,,non
DDD,118714,6053,,non
DDD,118715,6051,14000,non
DDD,118517,1511,2500,non
DDD,118518,AA108DG,2000,non
DDD,118716,1518,2000,non
DDD,118717,1517,4000,non
DDD,118718,4003,,non
DDD,118813,1506.,6000,non
DDD,118814,4002,36500,non
DER,109506,DK5837BH0,26000,non
DER,112008,DK5841BH0,9500,non
DER,112010,AA019YY,27500,non
DER,109946,DK5842BH0,11000,non
EIFFAGE ENERGIE,104009,AA035HY,49500,non
EIFFAGE ENERGIE,104029,3009TTA1,4000,non
EIFFAGE ENERGIE,109976,AA941MN,47500,non
EIFFAGE ENERGIE,109990,AA625BJ,70500,non
EIFFAGE ENERGIE,113564,AA397EW0,,non
EMN,113529,EX9600D,,non
EMN,113530,AA328MT,,non
EMN,113531,TH9593D,,non
EMN,113532,AA9565D,,non
EMN,113551,AA436YL,,non
EIFFAGE RAIL SENEGAL,101758,AA487HQ0,,non
EIFFAGE RAIL SENEGAL,103358,7776TTD10,4000,non
EIFFAGE RAIL SENEGAL,103359,7565TTD1,,non
EIFFAGE RAIL SENEGAL,103360,7778TTD1,,non
EIFFAGE RAIL SENEGAL,103361,7755TTD10,40000,non
EIFFAGE RAIL SENEGAL,103362,8717TTD1,4500,non
EIFFAGE RAIL SENEGAL,103363,7786TTD1,,non
EIFFAGE RAIL SENEGAL,103364,8484TTD10,46000,non
EIFFAGE RAIL SENEGAL,103365,AA223WN,79000,non
EIFFAGE RAIL SENEGAL,103366,7736TTD1,,non
EIFFAGE RAIL SENEGAL,103367,8803TTD1,,non
EIFFAGE RAIL SENEGAL,103368,8713TTD10,,non
EIFFAGE RAIL SENEGAL,103369,8255TTD1,70500,non
EIFFAGE RAIL SENEGAL,104404,AA526JD,,non
EIFFAGE RAIL SENEGAL,104495,8697TTD1,34500,non
EIFFAGE RAIL SENEGAL,112666,7742TTD1,,non
EESSS,109987,3997TTA1,8500,non
EESSS,112748,3998TTA1,59000,non
EESSS,113556,4002TTA1,6000,non
EOLIS,113548,AA934KW,2000,non
ETD,116042,LG5815G,,non
ETD,116046,DK0328BL,,non
ETD,116047,AA236DZ,7000,non
ETD,116048,AA079KJ0,,non
ETD,116049,AA454MJ,,non
ETD,118730,AA045JH,,non
ETD,118731,AA244NL,21000,non
ETD,118732,AA802RT,56000,non
ETD,118734,AA254SC,63000,non
ETD,118733,AA209MJ,56000,non
ETD,118735,AA134PL,84000,non
ETD,118736,AA277AL0,4000,non
ETD,118737,AA372FZ,1000,non
ETD,118738,AA050LX,,non
ETD,118795,AA954YX,124500,non
ETD,118796,AA681PW,,non
ETD,118797,DL0048E,56000,non
ETD,118798,DL0049E,70000,non
ETD,118799,DK6301BC,129000,non
ETD,118800,AA550QA,49000,non
ETD,118801,AA634NE,77000,non
ETD,118802,AA022CJ,38500,non
ETD,118803,AA768SW,59000,non
ETD,118804,AA505LQ,65500,non
ETD,118805,AA410MJ,70000,non
ETD,118806,AA373HV,77000,non
EYDON,113536,AA762ZM,16000,non
EYDON,113537,AA770ZM,3000,non
EYDON,113538,AA265LL,16000,non
EYDON,113539,DK9309BK0,,non
EYDON,113540,AA907QP,10000,non
EYDON,113541,AA347MQ,,non
EYDON,113542,AA047RR,6000,non
EYDON,113543,AA197SK,15000,non
EYDON,113544,AA165HT,8000,non
EYDON,113545,AA083LH,11000,non
EYDON,113546,AA587EJ,18000,non
FAMY,30109,DK4341AUO,,non
FERA,109970,DK8199BM0,12000,non
FONROCHE,109958,AB380BN,25000,non
FONROCHE,109959,9639TTD10,3000,non
FONROCHE,109961,AB365BN,,non
FONROCHE,109988,AA608SP,22500,non
GECANIMES SA,118757,AA535VS,,non
GERMANI WEST AFRICA,64014,2299EX,3000,non
GERMANI WEST AFRICA,106070,AA664XK,160500,non
GERMANI WEST AFRICA,106071,AA579XK0,55000,non
GERMANI WEST AFRICA,106096,AA265WZ,,non
GERMANI WEST AFRICA,106097,AA081YW,,non
GERMANI WEST AFRICA,106098,AA815XP0,191500,non
GERMANI WEST AFRICA,106099,AA815XP,,non
GERMANI WEST AFRICA,106100,AA529ZD,118500,non
GERMANI WEST AFRICA,106101,AA743ZD,136500,non
GERMANI WEST AFRICA,106102,AA074YW,134500,non
GERMANI WEST AFRICA,106103,AA077YW,68000,non
GERMANI WEST AFRICA,106104,AA071YW,117500,non
GERMANI WEST AFRICA,106106,AA180EB,,non
GERMANI WEST AFRICA,106107,AA079YW,125500,non
GERMANI WEST AFRICA,106108,AA073YW,107000,non
GERMANI WEST AFRICA,106109,AA740ZD,120000,non
GERMANI WEST AFRICA,106110,AA086YW,218500,non
GERMANI WEST AFRICA,106111,AA320YZ,145000,non
GERMANI WEST AFRICA,106112,AA076YW,,non
GERMANI WEST AFRICA,106113,AA656XK,64000,non
GERMANI WEST AFRICA,106114,AA445EB,,non
GERMANI WEST AFRICA,106115,AA309YZ,196500,non
GERMANI WEST AFRICA,106116,AA797XP,235500,non
GERMANI WEST AFRICA,106117,AA004XW,134000,non
GERMANI WEST AFRICA,106118,AA084YW,,non
GERMANI WEST AFRICA,106119,AA135XW,124500,non
GERMANI WEST AFRICA,106120,AA105XW,178500,non
GERMANI WEST AFRICA,106121,AA810XP,154500,non
GERMANI WEST AFRICA,106122,AA793XP,153500,non
GERMANI WEST AFRICA,106123,AA807XP,170500,non
GERMANI WEST AFRICA,106124,AA110XW,158000,non
GERMANI WEST AFRICA,106125,AA651XK,50000,non
GERMANI WEST AFRICA,106126,AA804XP,141500,non
GERMANI WEST AFRICA,106127,AA808XP,192000,non
GERMANI WEST AFRICA,106128,AA648XK,123000,non
GERMANI WEST AFRICA,109968,AA058XW,114000,non
GERMANI WEST AFRICA,109972,AA421YE,35500,non
GERMANI WEST AFRICA,109973,AA737ZD,143000,non
GERMANI WEST AFRICA,112613,AA803XP,189000,non
GERMANI WEST AFRICA,112614,AA631XP,161500,non
GERMANI WEST AFRICA,112615,AA646XP,178500,non
GERMANI WEST AFRICA,112616,AA597XK,128500,non
GERMANI WEST AFRICA,112617,AA132XW,,non
GERMANI WEST AFRICA,112618,AA813XP,194500,non
GERMANI WEST AFRICA,112619,AA811XP,157000,non
GERMANI WEST AFRICA,112620,AA670XP,149500,non
GERMANI WEST AFRICA,112621,AA064XW,57000,non
GERMANI WEST AFRICA,112622,AA637XK,157500,non
GERMANI WEST AFRICA,112623,AA131XW,,non
GERMANI WEST AFRICA,112624,AA628XK,183000,non
GERMANI WEST AFRICA,112625,AA067XW,226000,non
GERMANI WEST AFRICA,112626,AA608XK,115000,non
GERMANI WEST AFRICA,112627,AA119XW,172500,non
GERMANI WEST AFRICA,112628,AA013XW,186500,non
GERMANI WEST AFRICA,112629,AA071XW,140000,non
GERMANI WEST AFRICA,112630,AA677XP,52000,non
GERMANI WEST AFRICA,112631,AA799XP,,non
GERMANI WEST AFRICA,112632,AA043XW,143500,non
GERMANI WEST AFRICA,112633,AA008XW,128500,non
GERMANI WEST AFRICA,112634,AA816XP,129500,non
GERMANI WEST AFRICA,112635,AA818XP,112000,non
GERMANI WEST AFRICA,112636,AA053XW,144500,non
GERMANI WEST AFRICA,112637,AA681XP,180000,non
GERMANI WEST AFRICA,112638,AA116XW,125500,non
GERMANI WEST AFRICA,112639,AA077XW,133000,non
GERMANI WEST AFRICA,112640,AA081XW,179000,non
GERMANI WEST AFRICA,112648,AA047XW,98000,non
GERMANI WEST AFRICA,112734,AA615XP,35000,non
GERMANI WEST AFRICA,112735,AA378YR,13000,non
GERMANI WEST AFRICA,112736,AA424YE,31500,non
GBTC SARL,46065,AA609QD,,non
GBTC SARL,46071,AA194RP,,non
GBTC SARL,46096,AA085XJ,,non
GBTC SARL,48593,AA560XZ,,non
GBTC SARL,48681,AA242MF,,non
GBTC SARL,48684,AA138ZN,4000,non
GBTC SARL,48692,AA520WH,,non
GBTC SARL,48735,AA080QW,8000,non
GBTC SARL,48894,AA517WH,,non
GBTC SARL,48908,AA373WZ0,4000,non
GBTC SARL,48917,AA956WQ,12000,non
GBTC SARL,51739,AA378FQ,6000,non
GDS,113554,EX1410,18000,non
GCO,109975,AA400VM.,2000,non
GCO,109944,AA172FE0,10000,non
GCO,116463,AB513CY,9000,non
GCO,116464,AB894CH,7500,non
GTM,109938,DK0748EX0,,non
GTM,109969,AA063EX,49000,non
GTM,116021,AB971DB,44500,non
GTM,116022,AB012DC,57500,non
GTM,116023,AB005DC,52500,non
GTM,116024,AB408DC,46000,non
GTM,116025,AB301DC,43500,non
GTM,116026,AB990DB,53000,non
GTM,116027,AB908DB,53500,non
GTM,116028,AB346DC,52500,non
GTM,116029,AB343DC,49000,non
GTM,116030,AB307DC,35500,non
GTM,116031,AB427DC,44500,non
GTM,116032,AB898DB,35000,non
GTM,116033,AB419DC,48000,non
GTM,116034,AB901DB,35500,non
GTM,116035,AA995DB.,61500,non
GTM,116036,AB390DC,35500,non
GTM,116037,AB382DC,27000,non
GTM,116038,AB325DC,46000,non
GTM,116039,AB910DB,52500,non
GTM,116040,AB919DB,44500,non
HAAS,109943,DK6703BC0,48000,non
HENAN CHINE SENEGAL,48565,AA126FZ,,non
HENAN CHINE SENEGAL,48712,AA169FZ,,non
HENAN CHINE SENEGAL,48586,AA172FZ,,non
HENAN CHINE SENEGAL,48623,AA159FZ,,non
HENAN CHINE SENEGAL,101616,5154TTA1,,non
HERTZ,89868,2024EX,,non
HERTZ,109977,DK1036EX,,non
HERTZ,109978,DK4304BF0,,non
HERTZ,109979,2278EX,62000,non
INEO,90789,DK-0746-BK,2000,non
INEO,90741,DK7205BK,49500,non
INEO,100753,AA520TX,,non
INEO,100759,DK4668BF,,non
INEO,100782,AA581VB,,non
INEO,100783,AA791VA,41000,non
INEO,100784,AA007VA,23000,non
INEO,101651,DK4519BM0,,non
INEO,101759,DK5711BH,,non
INEO,101760,DK7719BL,,non
INEO,103381,AA695FH,58000,non
INEO,106055,AA454TK,,non
INEO,113566,DK4187BF,,non
KHELCOM BACHE,64038,DK1870AN,4500,non
KHELCOM BACHE,64040,DK6276AE,,non
KHELCOM BACHE,64042,KG3733A,17000,non
KHELCOM BACHE,64043,DL7885AM,,non
KHELCOM BACHE,64045,KG2407A,,non
KHELCOM BACHE,64047,TH6588K,,non
KHELCOM BACHE,64169,AA226DR,,non
KHELCOM BACHE,64170,AA815JW,11500,non
KHELCOM BACHE,64181,SL8127B,,non
KHELCOM BACHE,64183,DK6198AZ,23500,non
KHELCOM BACHE,64184,AA066JG,34000,non
KHELCOM BACHE,64185,AA063JG,37500,non
KHELCOM BACHE,64186,DK0049S,,non
KHELCOM BACHE,64187,DK4762AL,,non
KHELCOM BACHE,90538,AA612QK,,non
KHELCOM BACHE,90539,SL8126B,23500,non
KHELCOM BACHE,90540,AA869RN,33000,non
KHELCOM BACHE,90542,AA778RF,48500,non
KHELCOM BACHE,109991,AA557SS,31500,non
KHELCOM BACHE,109995,AA391SR,,non
KHELCOM BACHE,109996,AA797RZ,18000,non
KHELCOM BACHE,109997,AA077SM,3000,non
KHELCOM BACHE,109998,AA861SC,6000,non
KHELCOM BACHE,109999,AA301XE,,non
KHELCOM BACHE,110000,AA719SN,,non
KHELCOM BACHE,112006,AA553SS,39500,non
KHELCOM BACHE,112007,AA095SQ,,non
KHOURY TRANSPORT,109960,AA346AW,6000,non
KHOURY TRANSPORT,109980,AA400AW,26000,non
KHOURY TRANSPORT,109989,DK5202BC0,20000,non
KHOURY TRANSPORT,113514,AB984CT,9000,non
KHOURY TRANSPORT,113515,AA423AX0,29500,non
KHOURY TRANSPORT,113516,AA681NY,14000,non
KHOURY TRANSPORT,113517,AA679NY,,non
KHOURY TRANSPORT,113518,AA680NY,18000,non
KHOURY TRANSPORT,113519,AA678NY,5000,non
KHOURY TRANSPORT,113520,AA188VD0,27500,non
KHOURY TRANSPORT,113521,AA923VX,,non
KHOURY TRANSPORT,113522,AA994VX,16000,non
KHOURY TRANSPORT,113523,AA003VY,,non
KHOURY TRANSPORT,113524,AA990VX,,non
KHOURY TRANSPORT,113525,AA926VX,,non
KHOURY TRANSPORT,113526,AA992VX,,non
KHOURY TRANSPORT,113527,AA996VX,,non
LABOREX SENEGAL,13083,AA787BL,,non
LABOREX SENEGAL,80307,AA400MV,9500,non
LABOREX SENEGAL,116455,AB010CV,,non
LABOREX SENEGAL,116456,AB014CV,41500,non
LABOREX SENEGAL,116465,AB993CT,114000,non
LABOREX SENEGAL,118781,AA538YR,3000,non
LDB,109993,AA777CY,23500,non
LDB,112720,AA268YW,48500,non
LDB,113533,TH7386K0,7000,non
LDB,113534,AA949XD,,non
LDB,113535,AA848DB0,3000,non
LDB,116065,AA955XD,,non
LDB,116220,AB808AY0,61000,non
LDB,116448,AB654BE,18000,non
LDB,118756,AA849QK,,non
LDB,118758,AA848QK0,26000,non
LDB,118761,AA265WZ.,,non
LDB,118762,AA947XD,24000,non
LANSAR AUTO SUARL,116216,AA351FN0,17000,non
LANSAR AUTO SUARL,116217,AA860VE,6000,non
LANSAR AUTO SUARL,116218,DK1447BL,12500,non
LANSAR AUTO SUARL,116219,AA372FN,13500,non
LANSAR AUTO SUARL,116222,AA361AM,11500,non
LAS AIBD,90705,AA855NL,4000,non
LAS AIBD,101793,AA756NY,3000,non
LAS AIBD,101794,DK8016BE0,54000,non
LAS AIBD,101795,AA534NT,8500,non
LAS AIBD,101796,AA531NT,11500,non
LAS AIBD,101797,AA051MX0,57000,non
LAS AIBD,103392,AA488FK,,non
LAS AIBD,103393,0DK8129BG,6000,non
LAS AIBD,103394,AA256NP,2000,non
LAS AIBD,103395,DK0015BK,7000,non
LAS AIBD,103396,AA494FK,20000,non
LAS AIBD,103397,AA538HF,6000,non
LAS AIBD,103398,AA136HB,60000,non
LAS AIBD,103399,DK1165BF0,,non
LAS AIBD,103152,DK8015BE,,non
LAS AIBD,104244,AA202CH,2000,non
LAS AIBD,106015,AA897XT,63000,non
LAS AIBD,118780,AA663NV,7500,non
MCA,112714,AD0275TTA1,4500,non
MCA,112715,3869TTA1,11500,non
MCA,112716,3870TTA1,2500,non
MCA,112725,3988TTA1,,non
MCA,112726,4447TTA1,3000,non
MCA,112727,3873TTA1,,non
MCA,112728,3868TTA1,2500,non
MCA,112729,3867TTA1,2500,non
MCA,112730,AD0336TTA1,2500,non
MCA,112731,AD0334TTA1,7500,non
MCA,112732,AD0276TTA1,7500,non
MDNC SA,112721,AA 437 JQ,,non
MDNC SA,118783,AA880NC,,non
MERCUS,118747,DK7537BH,17500,non
MIYA SENEGAL,69492,AA733KX,11000,non
MIYA SENEGAL,69493,AA669KX,,non
MIYA SENEGAL,69499,AA664KX,,non
NEUROTECH,112719,DK9147QT,3000,non
NEUROTECH,112722,AA274BN,,non
NEUROTECH,112723,AA600BN,,non
NEUROTECH,112724,DK8617B,,non
NOUVELLES FRONTIERES DU SENEGAL,118784,AB772B,92500,non
NOUVELLES FRONTIERES DU SENEGAL,118785,AB028BE,104500,non
NSIA BANQUE,109992,AA887CP,,non
NSIA BANQUE,116020,AB155CQ,,non
ORYX GAZ SENEGAL,118782,AA765WN,14000,non
PACIFIC AGENCY,69979,DK10010EX,83000,non
PLAN INTERNATIONAL ONG,109994,PLAN IT 189,5000,non
PLAN INTERNATIONAL ONG,112717,PLAN IT449,15500,non
PLAN INTERNATIONAL ONG,112718,PLAN IT 450,11000,non
SAGAM SECURITE,109945,DK0582BL0,65500,non
SAGAM SECURITE,118787,AA524CS,13000,non
SAGAM SECURITE,118788,AA030YY,6000,non
SAGAM SECURITE,112009,AA315ML,24000,non
SAGAM SECURITE,116018,AB780CZ,7500,non
SAGAM SECURITE,116019,AB781CZ,37500,non
SAGAM SECURITE,118723,AA260NS,20500,non
SAGAM SECURITE,118728,AA416YB,3000,non
SAGAM SECURITE,118729,AA550CS,4000,non
SENAC SA,109985,DK72150BD,14000,non
SENAC AUCHAN,109947,AB927AC,,non
SENAC AUCHAN,112712,AA184HM,,non
SENAC AUCHAN,112713,AA370LZ,,non
SENAC AUCHAN,113559,DK4490BK0,,non
SENECARTOURS,116454,AB754BT,3000,non
SENECARTOURS,116453,AB760BT,,non
SENECARTOURS,116452,AB757BT,,non
SENECARTOURS,116451,AB751BT,6000,non
SENECARTOURS,116223,AA418DN,,non
SENELEC,13192,DK3135BM,,non
SENELEC,25463,DK6909BC,,non
SENELEC,109971,AA133BT,7000,non
SDT,116348,AA951SH,8000,non
SLT,106009,AA577CC,3000,non
SLT,112711,AA690CC,21000,non
SLT,112737,AA673CC,6500,non
SLT,112738,AA636CC,15500,non
SLT,112739,AA582CC,11000,non
SLT,112740,AA578CC,12000,non
SLT,112741,AA507CC,7000,non
SLT,112742,AA721CC,,non
SLT,112743,AA466CC,7000,non
SLT,112744,AA442CC,5000,non
SLT,112745,AA446CC,21000,non
SLT,112746,AA434CC,10500,non
SLT,112747,AA616CC,6000,non
SLT,112750,AA692CC,3000,non
TOSTAN,118760,AA323QD0,8000,non
TOSTAN,118793,3592TTC1,,non
TOTAL,109967,AA519ZF,,non
TOTAL,109986,AA544QN,1000,non
TRANSGAYE,109981,TH8124G,,non
TRANSGAYE,109982,AA852AY,,non
TRANSGAYE,109983,TH6837K0,4500,non
TRANSGAYE,109984,TH2267F,,non
TRANSGAYE,118724,TH3264L,,non
TRANSGAYE,118725,AA936BG,,non
TRANSGAYE,118726,TH7970E,,non
TRANSGAYE,118727,TH6682F,,non
TRANSGAYE,118807,TH9848G,,non
TAD,118367,AA761BD,42000,non
TAD,118809,TH4730E,,non
TAD,118810,AA348HP,20000,non
TAD,118811,AA 977 FV,,non
TAD,118812,AA236VJ,5000,non
TAD,118815,AA647ML,,non
TRANSPORT SUNU KEUR SA,118739,AA200VW,18000,non
NMK TRANSPORT,92137,AA157LJ,,non
